title,link,description
python-3.13-docs,https://docs.python.org/3/,TBD
Home,https://hopific.com/grasshopper-tutorials/#content,TBD
Hopific.Com,https://hopific.com/,TBD
Getting Started With Grasshopper Course Mini,https://hopific.com/getting-started-with-grasshopper-course-mini/,TBD
Grasshopper Products,https://hopific.com/grasshopper-products/,TBD
Grasshopper Tutorials,https://hopific.com/grasshopper-tutorials/,TBD
About,https://hopific.com/about/,TBD
Grasshopper Pro,https://hopific.com/grasshopper-pro/,TBD
Deconstruct Brep Grasshopper,https://hopific.com/deconstruct-brep-grasshopper/,TBD
How To Loft In Grasshopper Step By Step Guide,https://hopific.com/how-to-loft-in-grasshopper-step-by-step-guide/,TBD
Curve Direction Grasshopper,https://hopific.com/curve-direction-grasshopper/,TBD
Points From Curve Grasshopper,https://hopific.com/points-from-curve-grasshopper/,TBD
Sort Along Curve Grasshopper,https://hopific.com/sort-along-curve-grasshopper/,TBD
Grasshopper Cluster,https://hopific.com/grasshopper-cluster/,TBD
Grasshopper Player,https://hopific.com/grasshopper-player/,TBD
Generate Random Points In Grasshopper,https://hopific.com/generate-random-points-in-grasshopper/,TBD
Sine Curve Grasshopper,https://hopific.com/sine-curve-grasshopper/,TBD
Graphmapper In Grasshopper,https://hopific.com/graphmapper-in-grasshopper/,TBD
Extend Curve Grasshopper,https://hopific.com/extend-curve-grasshopper/,TBD
Longest List In Grasshopper,https://hopific.com/longest-list-in-grasshopper/,TBD
Stream Filter In Grasshopper,https://hopific.com/stream-filter-in-grasshopper/,TBD
How To Use Stream Gate In Grasshopper,https://hopific.com/how-to-use-stream-gate-in-grasshopper/,TBD
How To Remove Duplicate Points Grasshopper,https://hopific.com/how-to-remove-duplicate-points-grasshopper/,TBD
How To Open Grasshopper In Rhino,https://hopific.com/how-to-open-grasshopper-in-rhino/,TBD
Fillet Curve In Grasshopper,https://hopific.com/fillet-curve-in-grasshopper/,TBD
Reparametrize In Grasshopper,https://hopific.com/reparametrize-in-grasshopper/,TBD
Galapagos Grasshopper Tutorial,https://hopific.com/galapagos-grasshopper-tutorial/,TBD
Point List And Point Order In Grasshopper,https://hopific.com/point-list-and-point-order-in-grasshopper/,TBD
Text Tags In Grasshopper,https://hopific.com/text-tags-in-grasshopper/,TBD
Text To Number In Grasshopper,https://hopific.com/text-to-number-in-grasshopper/,TBD
Sum Elements Of A List In Grasshopper,https://hopific.com/sum-elements-of-a-list-in-grasshopper/,TBD
The Image Sampler In Grasshopper,https://hopific.com/the-image-sampler-in-grasshopper/,TBD
How To Remove Duplicate Curves In Grasshopper,https://hopific.com/how-to-remove-duplicate-curves-in-grasshopper/,TBD
Formatting Numbers In Grasshopper,https://hopific.com/formatting-numbers-in-grasshopper/,TBD
How To Show A Components Location In Grasshopper,https://hopific.com/how-to-show-a-components-location-in-grasshopper/,TBD
Component Display Options In Grasshopper,https://hopific.com/component-display-options-in-grasshopper/,TBD
How To Internalize Data In Grasshopper,https://hopific.com/how-to-internalize-data-in-grasshopper/,TBD
How To Connect Points In Grasshopper,https://hopific.com/how-to-connect-points-in-grasshopper/,TBD
Dispatch In Grasshopper,https://hopific.com/dispatch-in-grasshopper/,TBD
Export Hi Res Image In Grasshopper,https://hopific.com/export-hi-res-image-in-grasshopper/,TBD
Multiple Curve Attractor In Grasshopper,https://hopific.com/multiple-curve-attractor-in-grasshopper/,TBD
Sort List In Grasshopper,https://hopific.com/sort-list-in-grasshopper/,TBD
Cull Pattern In Grasshopper,https://hopific.com/cull-pattern-in-grasshopper/,TBD
Grasshopper Shortcuts,https://hopific.com/grasshopper-shortcuts/,TBD
Attractor Points Grasshopper,https://hopific.com/attractor-points-grasshopper/,TBD
Offset Curves In The Same Direction In Grasshopper,https://hopific.com/offset-curves-in-the-same-direction-in-grasshopper/,TBD
Perforated Surface In Grasshopper,https://hopific.com/perforated-surface-in-grasshopper/,TBD
Trim Surface In Grasshopper,https://hopific.com/trim-surface-in-grasshopper/,TBD
Series In Grasshopper,https://hopific.com/series-in-grasshopper/,TBD
Extrude To Both Sides In Grasshopper,https://hopific.com/extrude-to-both-sides-in-grasshopper/,TBD
Random In Grasshopper,https://hopific.com/random-in-grasshopper/,TBD
Range In Grasshopper,https://hopific.com/range-in-grasshopper/,TBD
Mass Addition In Grasshopper,https://hopific.com/mass-addition-in-grasshopper/,TBD
Expression Editor In Grasshopper,https://hopific.com/expression-editor-in-grasshopper/,TBD
Mathematical Formulas In Grasshopper,https://hopific.com/mathematical-formulas-in-grasshopper/,TBD
The Number Slider In Grasshopper,https://hopific.com/the-number-slider-in-grasshopper/,TBD
Grasshopper Tutorial For Beginners Parametric Tower Design,https://hopific.com/grasshopper-tutorial-for-beginners-parametric-tower-design/,TBD
Creating A Parametric Model In Grasshopper,https://hopific.com/creating-a-parametric-model-in-grasshopper/,TBD
The Grasshopper Interface A Beginners Guide,https://hopific.com/the-grasshopper-interface-a-beginners-guide/,TBD
Visual Programming In Grasshopper For Rhino,https://hopific.com/visual-programming-in-grasshopper-for-rhino/,TBD
Construction Planes In Grasshopper,https://hopific.com/construction-planes-in-grasshopper/,TBD
Offset Curve To Both Sides In Grasshopper,https://hopific.com/offset-curve-to-both-sides-in-grasshopper/,TBD
Open Brep To Closed Brep In Grasshopper,https://hopific.com/open-brep-to-closed-brep-in-grasshopper/,TBD
Grasshopper Custom Preview,https://hopific.com/grasshopper-custom-preview/,TBD
Mesh To Polysurface In Grasshopper,https://hopific.com/mesh-to-polysurface-in-grasshopper/,TBD
Mesh To Surface In Grasshopper,https://hopific.com/mesh-to-surface-in-grasshopper/,TBD
Mesh From Points In Grasshopper,https://hopific.com/mesh-from-points-in-grasshopper/,TBD
Brep In Grasshopper,https://hopific.com/brep-in-grasshopper/,TBD
How To Trim A Curve In Grasshopper An Indepth Guide,https://hopific.com/how-to-trim-a-curve-in-grasshopper-an-indepth-guide/,TBD
Non Uniform Curve Subdivision In Grasshopper,https://hopific.com/non-uniform-curve-subdivision-in-grasshopper/,TBD
How To Divide A Curve In Grasshopper,https://hopific.com/how-to-divide-a-curve-in-grasshopper/,TBD
Contour To Surface Grasshopper,https://hopific.com/contour-to-surface-grasshopper/,TBD
How To Reference Objects In Grasshopper,https://hopific.com/how-to-reference-objects-in-grasshopper/,TBD
How To Disconnect Wires In Grasshopper,https://hopific.com/how-to-disconnect-wires-in-grasshopper/,TBD
Attractor Curve In Grasshopper,https://hopific.com/attractor-curve-in-grasshopper/,TBD
Surface From Closed Curves In Grasshopper,https://hopific.com/surface-from-closed-curves-in-grasshopper/,TBD
Remap In Grasshopper,https://hopific.com/remap-in-grasshopper/,TBD
The Panel In Grasshopper,https://hopific.com/the-panel-in-grasshopper/,TBD
How To Install Grasshopper Plugins,https://hopific.com/how-to-install-grasshopper-plugins/,TBD
Curve Boolean Grasshopper,https://hopific.com/curve-boolean-grasshopper/,TBD
Vectors In Grasshopper,https://hopific.com/vectors-in-grasshopper/,TBD
How To Bake In Grasshopper,https://hopific.com/how-to-bake-in-grasshopper/,TBD
Essential Grasshopper Terminology,https://hopific.com/essential-grasshopper-terminology/,TBD
Parametric Design Process,https://hopific.com/parametric-design-process/,TBD
How To Subdivide A Surface In Grasshopper,https://hopific.com/how-to-subdivide-a-surface-in-grasshopper/,TBD
How To Create A Grid On A Surface In Grasshopper,https://hopific.com/how-to-create-a-grid-on-a-surface-in-grasshopper/,TBD
Surface From Points In Grasshopper,https://hopific.com/surface-from-points-in-grasshopper/,TBD
How To Find The Center Of A Curve In Grasshopper,https://hopific.com/how-to-find-the-center-of-a-curve-in-grasshopper/,TBD
How To Extrude Perpendicular To A Curve In Grasshopper,https://hopific.com/how-to-extrude-perpendicular-to-a-curve-in-grasshopper/,TBD
How To Extrude A Curve In Grasshopper,https://hopific.com/how-to-extrude-a-curve-in-grasshopper/,TBD
How To Group Components In Grasshopper,https://hopific.com/how-to-group-components-in-grasshopper/,TBD
How To Join Geometry In Grasshopper,https://hopific.com/how-to-join-geometry-in-grasshopper/,TBD
How To Learn Grasshopper For Rhino,https://hopific.com/how-to-learn-grasshopper-for-rhino/,TBD
How To Turn Off The Grasshopper Preview,https://hopific.com/how-to-turn-off-the-grasshopper-preview/,TBD
How To Close A Curve In Grasshopper,https://hopific.com/how-to-close-a-curve-in-grasshopper/,TBD
Offset Curve In Grasshopper,https://hopific.com/offset-curve-in-grasshopper/,TBD
How Long Does It Take To Learn Grasshopper,https://hopific.com/how-long-does-it-take-to-learn-grasshopper/,TBD
Grasshopper Pattern Collection,https://hopific.com/grasshopper-pattern-collection/,TBD
Sign In,https://training.hopific.com/sign_in,TBD
Rhino Tutorials,https://hopific.com/category/rhino-tutorials/,TBD